chunk_size,embedding_model,num_chunks,ingest_time_s,avg_retrieval_latency_ms,avg_generation_latency_ms,avg_workflow_latency_ms,avg_page_recall
150,BAAI/bge-small-en-v1.5,229,16.622857299997122,75.33419090918456,1214.9500400005227,1290.2842309097073,0.36620879120879113
200,BAAI/bge-small-en-v1.5,161,6.043160499997612,58.93184181874279,1658.1477072726227,1717.0795490913656,0.41043956043956037
250,BAAI/bge-small-en-v1.5,129,5.745434000004025,79.7135690911091,2398.0436109089746,2477.7571800000837,0.40467032967032956
300,BAAI/bge-small-en-v1.5,107,17.615823400003137,90.34728181828872,1981.576967273643,2071.924249091932,0.3389652014652014
350,BAAI/bge-small-en-v1.5,96,6.110843199996452,134.50134545419132,2541.7105199999323,2676.2118654541237,0.379029304029304
400,BAAI/bge-small-en-v1.5,90,5.547864499996649,129.5004690911314,2708.9993509092233,2838.4998200003547,0.43992673992673986
500,BAAI/bge-small-en-v1.5,71,7.259350100001029,173.873647273153,2966.308759999943,3140.182407273096,0.39826007326007323
600,BAAI/bge-small-en-v1.5,55,7.732795100004296,236.23540545483013,3196.202009090815,3432.437414545645,0.35338827838827835
800,BAAI/bge-small-en-v1.5,49,6.395276399998693,256.03177999953255,3316.0081218174046,3572.0399018169373,0.35338827838827835
